Pincode,City,State,Delivery within Days,Shipping Amount,Cash on Delivery,,,,,
33701,St Petersburg Florida,Florida,2,25,1,,,,,
33702,St Petersburg Florida,Florida,2,25,0,,,,,
33703,St Petersburg Florida,Florida,3,36,0,,,,,
33704,St Petersburg Florida,Florida,2,15,0,,,,,
33705,St Petersburg Florida,Florida,4,25,1,,,,,
33707,St Petersburg Florida,Florida,2,12,1,,,,,
33709,St Petersburg Florida,Florida,2,25,1,,,,,
33710,St Petersburg Florida,Florida,1,56,0,,,,,
33711,St Petersburg Florida,Florida,3,25,1,,,,,
33712,St Petersburg Florida,Florida,,,,,,,,
33713,St Petersburg Florida,Florida,,,,,,,,
33714,St Petersburg Florida,Florida,,,,,,,,
33715,St Petersburg Florida,Florida,,,,,,,,
33716,St Petersburg Florida,Florida,,,,,,,,
33762,St Petersburg Florida,Florida,,,,,,,,
33782,St Petersburg Florida,,,,,,,,,
